{"cameraMode":{"drawMode":0,"name":"Shaded","section":"Shading Mode"},"sceneLighting":true,"audioPlay":false,"sceneViewState":{"m_AlwaysRefresh":true,"showFog":true,"showSkybox":true,"showFlares":true,"showImageEffects":true,"showParticleSystems":true,"showVisualEffectGraphs":true,"m_FxEnabled":true},"in2DMode":false,"pivot":{"x":0.8687272071838379,"y":2.818272829055786,"z":2.8689215183258058},"rotation":{"x":-0.058438871055841449,"y":0.29270535707473757,"z":0.018018506467342378,"w":0.954277515411377},"size":3.15604567527771,"orthographic":false}