{"cameraMode":{"drawMode":0,"name":"Shaded","section":"Shading Mode"},"sceneLighting":true,"audioPlay":false,"sceneViewState":{"m_AlwaysRefresh":true,"showFog":true,"showSkybox":true,"showFlares":true,"showImageEffects":true,"showParticleSystems":true,"showVisualEffectGraphs":true,"m_FxEnabled":true},"in2DMode":false,"pivot":{"x":472.13922119140627,"y":410.48443603515627,"z":-15.354833602905274},"rotation":{"x":-0.6603183150291443,"y":0.09636873751878739,"z":0.08615998923778534,"w":0.7398248910903931},"size":440.8725891113281,"orthographic":false}