{"cameraMode":{"drawMode":0,"name":"Shaded","section":"Shading Mode"},"sceneLighting":true,"audioPlay":false,"sceneViewState":{"m_AlwaysRefresh":true,"showFog":true,"showSkybox":true,"showFlares":true,"showImageEffects":true,"showParticleSystems":true,"showVisualEffectGraphs":true,"m_FxEnabled":true},"in2DMode":false,"pivot":{"x":-1.213402271270752,"y":1.3277060985565186,"z":-1.4823815822601319},"rotation":{"x":0.3045857846736908,"y":0.37234362959861758,"z":-0.13068272173404694,"w":0.8669455051422119},"size":3.0529699325561525,"orthographic":false}