{"cameraMode":{"drawMode":0,"name":"Shaded","section":"Shading Mode"},"sceneLighting":false,"audioPlay":false,"sceneViewState":{"m_AlwaysRefresh":true,"showFog":true,"showSkybox":false,"showFlares":true,"showImageEffects":true,"showParticleSystems":true,"showVisualEffectGraphs":true,"m_FxEnabled":true},"in2DMode":false,"pivot":{"x":-0.5894197821617127,"y":0.1625044047832489,"z":0.7504339218139648},"rotation":{"x":0.12835946679115296,"y":-0.09442710876464844,"z":0.012360185384750367,"w":0.98716801404953},"size":3.0529699325561525,"orthographic":false}